company_id,average_profit
RELIANCE,45938.307692307695
TCS,30959.30769230769
ONGC,29611.384615384617
HDFCBANK,28968.153846153848
SBIN,26744.846153846152
ICICIBANK,20299.23076923077
COALINDIA,18805.076923076922
LICI,18688.14285714286
INFY,17537.615384615383
IOC,15350.076923076924
